name,bacsort_species,match
DB_3_C11,Citrobacter freundii,99.47%
DB_3_D1,Citrobacter freundii,99.49%
DB_3_D2,Citrobacter freundii,99.43%
DB_3_F10,Citrobacter freundii,98.77%
DB_5_F12,Citrobacter freundii,99.44%
ERQ0043,Citrobacter freundii,99.69%
ERQ0044,Citrobacter portucalensis,99.34%
ERQ0045,Citrobacter freundii,99.69%
ERQ0046,Citrobacter freundii,99.40%
ERQ0152,Citrobacter freundii,99.46%
ERQ0154,Citrobacter freundii,99.46%
ERQ0155,Citrobacter braakii,99.71%
ERQ0156,Citrobacter freundii,99.45%
ERQ0159,Citrobacter braakii,99.85%
ERQ0160,Citrobacter portucalensis,99.30%
ERQ0161,Citrobacter freundii,99.62%
ERQ0162,Citrobacter braakii,99.68%
ERQ0165,Citrobacter braakii,99.74%
ERQ0166,Citrobacter braakii,99.68%
ERQ0169,Citrobacter braakii,98.67%
ERQ0172,Citrobacter portucalensis,98.47%
ERQ0173,Citrobacter freundii,99.41%
ERQ0175,Citrobacter freundii,99.23%
ERQ0183,Citrobacter portucalensis,98.79%
ERQ0186,Citrobacter freundii,99.49%
ERQ0189,Citrobacter freundii,99.47%
ERQ0192,Citrobacter portucalensis,99.31%
ERQ0199,Citrobacter braakii,99.67%
ERQ0200,Citrobacter freundii,99.22%
ERQ0211,Citrobacter braakii,99.64%
ERQ0212,Citrobacter freundii,99.32%
ERQ0213,Citrobacter braakii,99.69%
ERQ0216,Citrobacter braakii,99.84%
ERQ0217,Citrobacter braakii,99.64%
ERQ0222,Citrobacter portucalensis,99.31%
ERQ0224,Citrobacter braakii,99.67%
ERQ0225,Citrobacter freundii,99.44%
ERQ0227,Citrobacter freundii,98.80%
ERQ0230,Citrobacter freundii,99.84%
ERQ0233,Citrobacter freundii,98.84%
ERQ0241,Citrobacter freundii,99.30%
ERQ0243,Citrobacter freundii,99.43%
ERQ0246,Citrobacter braakii,99.85%
ERQ0250,Citrobacter freundii,99.73%
ERQ0251,Citrobacter braakii,99.76%
ERQ0255,Citrobacter freundii,99.43%
ERQ0259,Citrobacter freundii,99.32%
ERQ0278,Citrobacter freundii,99.49%
ERQ0310,Citrobacter freundii,99.47%
ERQ0572,Citrobacter braakii,99.43%
ERQ0671,Citrobacter braakii,99.62%
ERQ0672,Citrobacter braakii,99.25%
ERQ0674,Citrobacter braakii,99.22%
ERQ0677,Citrobacter braakii,99.25%
ERQ0678,Citrobacter freundii,99.44%
ERQ0681,Citrobacter freundii,99.44%
ERQ0682,Citrobacter freundii,99.46%
ERQ0683,Citrobacter freundii,99.45%
ERQ0685,Citrobacter freundii,99.44%
ERQ0689,Citrobacter freundii,99.44%
GCF_000018045,Citrobacter koseri,100.00%
GCF_000027085,Citrobacter rodentium,100.00%
GCF_000155975,Citrobacter unknown,100.00%
GCF_000158355,Citrobacter portucalensis,100.00%
GCF_000208765,Citrobacter braakii,100.00%
GCF_000238735,Citrobacter portucalensis,100.00%
GCF_000277565,Citrobacter freundii,100.00%
GCF_000312465,Citrobacter freundii,100.00%
GCF_000313895,Citrobacter freundii,100.00%
GCF_000342325,Citrobacter freundii,100.00%
GCF_000388155,Citrobacter freundii,100.00%
GCF_000398825,Citrobacter freundii,100.00%
GCF_000398845,Citrobacter braakii,100.00%
GCF_000398865,Citrobacter braakii,100.00%
GCF_000521945,Citrobacter portucalensis,100.00%
GCF_000521965,Citrobacter freundii,100.00%
GCF_000582615,Citrobacter freundii,100.00%
GCF_000648515,Citrobacter cronae,100.00%
GCF_000692115,Citrobacter europaeus,100.00%
GCF_000692135,Citrobacter amalonaticus,100.00%
GCF_000714305,Citrobacter freundii,100.00%
GCF_000731055,Citrobacter amalonaticus,100.00%
GCF_000734905,Citrobacter freundii,100.00%
GCF_000739675,Citrobacter murliniae,100.00%
GCF_000759735,Citrobacter freundii,100.00%
GCF_000759815,Citrobacter rodentium,100.00%
GCF_000759835,Citrobacter sedlakii,100.00%
GCF_000764735,Citrobacter farmeri,100.00%
GCF_000783445,Citrobacter koseri,100.00%
GCF_000783755,Citrobacter freundii,100.00%
GCF_000783995,Citrobacter europaeus,100.00%
GCF_000786265,Citrobacter braakii,100.00%
GCF_000786275,Citrobacter braakii,100.00%
GCF_000809165,Citrobacter amalonaticus,100.00%
GCF_000826205,Citrobacter pasteurii,100.00%
GCF_000835925,Citrobacter rodentium,100.00%
GCF_000936345,Citrobacter amalonaticus,100.00%
GCF_000937455,Citrobacter freundii,100.00%
GCF_000937505,Citrobacter freundii,100.00%
GCF_000972645,Citrobacter braakii,100.00%
GCF_000981805,Citrobacter unknown,100.00%
GCF_000982845,Citrobacter freundii,100.00%
GCF_001022155,Citrobacter freundii,100.00%
GCF_001022275,Citrobacter freundii,100.00%
GCF_001022685,Citrobacter braakii,100.00%
GCF_001034445,Citrobacter freundii,100.00%
GCF_001034465,Citrobacter youngae,100.00%
GCF_001034475,Citrobacter freundii,100.00%
GCF_001034485,Citrobacter freundii,100.00%
GCF_001037485,Citrobacter portucalensis,100.00%
GCF_001037495,Citrobacter murliniae,100.00%
GCF_001037505,Citrobacter freundii,100.00%
GCF_001037515,Citrobacter portucalensis,100.00%
GCF_001037575,Citrobacter freundii,100.00%
GCF_001037585,Citrobacter portucalensis,100.00%
GCF_001055295,Citrobacter freundii,100.00%
GCF_001055315,Citrobacter freundii,100.00%
GCF_001057215,Citrobacter freundii,100.00%
GCF_001057775,Citrobacter koseri,100.00%
GCF_001058505,Citrobacter freundii,100.00%
GCF_001058675,Citrobacter freundii,100.00%
GCF_001059255,Citrobacter freundii,100.00%
GCF_001059745,Citrobacter braakii,100.00%
GCF_001062165,Citrobacter braakii,100.00%
GCF_001065805,Citrobacter braakii,100.00%
GCF_001067775,Citrobacter braakii,100.00%
GCF_001273815,Citrobacter braakii,100.00%
GCF_001276105,Citrobacter amalonaticus,100.00%
GCF_001276125,Citrobacter amalonaticus,100.00%
GCF_001281005,Citrobacter portucalensis,100.00%
GCF_001297795,Citrobacter amalonaticus,100.00%
GCF_001306025,Citrobacter freundii,100.00%
GCF_001316675,Citrobacter freundii,100.00%
GCF_001317135,Citrobacter portucalensis,100.00%
GCF_001317155,Citrobacter portucalensis,100.00%
GCF_001373155,Citrobacter amalonaticus,100.00%
GCF_001411885,Citrobacter freundii,100.00%
GCF_001412715,Citrobacter freundii,100.00%
GCF_001412725,Citrobacter freundii,100.00%
GCF_001412735,Citrobacter freundii,100.00%
GCF_001412755,Citrobacter freundii,100.00%
GCF_001412795,Citrobacter freundii,100.00%
GCF_001412815,Citrobacter freundii,100.00%
GCF_001412825,Citrobacter freundii,100.00%
GCF_001412855,Citrobacter freundii,100.00%
GCF_001412875,Citrobacter freundii,100.00%
GCF_001413035,Citrobacter freundii,100.00%
GCF_001413045,Citrobacter freundii,100.00%
GCF_001413075,Citrobacter freundii,100.00%
GCF_001413095,Citrobacter freundii,100.00%
GCF_001413115,Citrobacter freundii,100.00%
GCF_001413125,Citrobacter freundii,100.00%
GCF_001413155,Citrobacter freundii,100.00%
GCF_001413165,Citrobacter freundii,100.00%
GCF_001413195,Citrobacter freundii,100.00%
GCF_001413215,Citrobacter freundii,100.00%
GCF_001413235,Citrobacter freundii,100.00%
GCF_001413255,Citrobacter freundii,100.00%
GCF_001413275,Citrobacter freundii,100.00%
GCF_001413295,Citrobacter freundii,100.00%
GCF_001413315,Citrobacter freundii,100.00%
GCF_001413335,Citrobacter freundii,100.00%
GCF_001463265,Citrobacter sedlakii,100.00%
GCF_001471655,Citrobacter amalonaticus,100.00%
GCF_001471775,Citrobacter koseri,100.00%
GCF_001482545,Citrobacter freundii,100.00%
GCF_001482575,Citrobacter freundii,100.00%
GCF_001546285,Citrobacter freundii,100.00%
GCF_001546305,Citrobacter koseri,100.00%
GCF_001546325,Citrobacter koseri,100.00%
GCF_001552875,Citrobacter koseri,100.00%
GCF_001558935,Citrobacter amalonaticus,100.00%
GCF_001559075,Citrobacter amalonaticus,100.00%
GCF_001559235,Citrobacter youngae,100.00%
GCF_001586835,Citrobacter freundii,100.00%
GCF_001586845,Citrobacter freundii,100.00%
GCF_001689745,Citrobacter braakii,100.00%
GCF_001702455,Citrobacter freundii,100.00%
GCF_001718055,Citrobacter freundii,100.00%
GCF_001721255,Citrobacter cronae,100.00%
GCF_001858105,Citrobacter koseri,100.00%
GCF_001867255,Citrobacter portucalensis,100.00%
GCF_001880775,Citrobacter portucalensis,100.00%
GCF_001880795,Citrobacter freundii,100.00%
GCF_001880825,Citrobacter freundii,100.00%
GCF_001880835,Citrobacter freundii,100.00%
GCF_001880845,Citrobacter freundii,100.00%
GCF_001880865,Citrobacter freundii,100.00%
GCF_001880905,Citrobacter freundii,100.00%
GCF_001880915,Citrobacter freundii,100.00%
GCF_001880945,Citrobacter freundii,100.00%
GCF_001880955,Citrobacter freundii,100.00%
GCF_001922445,Citrobacter europaeus,100.00%
GCF_001952715,Citrobacter braakii,100.00%
GCF_002025225,Citrobacter werkmanii,100.00%
GCF_002042885,Citrobacter portucalensis,100.00%
GCF_002042945,Citrobacter portucalensis,100.00%
GCF_002051555,Citrobacter portucalensis,100.00%
GCF_002073755,Citrobacter europaeus,100.00%
GCF_002075345,Citrobacter braakii,100.00%
GCF_002114305,Citrobacter cronae,100.00%
GCF_002151695,Citrobacter amalonaticus,100.00%
GCF_002151735,Citrobacter freundii,100.00%
GCF_002151755,Citrobacter freundii,100.00%
GCF_002151775,Citrobacter freundii,100.00%
GCF_002151785,Citrobacter freundii,100.00%
GCF_002151815,Citrobacter youngae,100.00%
GCF_002185305,Citrobacter cronae,100.00%
GCF_002189125,Citrobacter freundii,100.00%
GCF_002192675,Citrobacter freundii,100.00%
GCF_002208845,Citrobacter braakii,100.00%
GCF_002208985,Citrobacter koseri,100.00%
GCF_002211705,Citrobacter freundii,100.00%
GCF_002215385,Citrobacter freundii,100.00%
GCF_002215605,Citrobacter portucalensis,100.00%
GCF_002239605,Citrobacter braakii,100.00%
GCF_002249995,Citrobacter farmeri,100.00%
GCF_002252025,Citrobacter freundii,100.00%
GCF_002252065,Citrobacter freundii,100.00%
GCF_002252125,Citrobacter freundii,100.00%
GCF_002289385,Citrobacter braakii,100.00%
GCF_002386385,Citrobacter gillenii,100.00%
GCF_002393245,Citrobacter koseri,100.00%
GCF_002417525,Citrobacter freundii,100.00%
GCF_002417535,Citrobacter freundii,100.00%
GCF_002738435,Citrobacter freundii,100.00%
GCF_002786865,Citrobacter europaeus,100.00%
GCF_002796505,Citrobacter freundii,100.00%
GCF_002843195,Citrobacter portucalensis,100.00%
GCF_002850715,Citrobacter braakii,100.00%
GCF_002863945,Citrobacter youngae,100.00%
GCF_002863965,Citrobacter koseri,100.00%
GCF_002864025,Citrobacter freundii,100.00%
GCF_002871775,Citrobacter freundii,100.00%
GCF_002880615,Citrobacter amalonaticus,100.00%
GCF_002903215,Citrobacter braakii,100.00%
GCF_002903305,Citrobacter portucalensis,100.00%
GCF_002918455,Citrobacter braakii,100.00%
GCF_002918465,Citrobacter braakii,100.00%
GCF_002918495,Citrobacter braakii,100.00%
GCF_002918505,Citrobacter unknown,100.00%
GCF_002918535,Citrobacter unknown,100.00%
GCF_002918555,Citrobacter unknown,100.00%
GCF_002918575,Citrobacter braakii,100.00%
GCF_002918835,Citrobacter freundii,100.00%
GCF_002918855,Citrobacter freundii,100.00%
GCF_002918865,Citrobacter freundii,100.00%
GCF_002918875,Citrobacter freundii,100.00%
GCF_002918935,Citrobacter unknown,100.00%
GCF_002919425,Citrobacter braakii,100.00%
GCF_002919455,Citrobacter braakii,100.00%
GCF_002919485,Citrobacter braakii,100.00%
GCF_002919495,Citrobacter unknown,100.00%
GCF_002919795,Citrobacter braakii,100.00%
GCF_002919825,Citrobacter freundii,100.00%
GCF_002923765,Citrobacter braakii,100.00%
GCF_002934505,Citrobacter freundii,100.00%
GCF_002934585,Citrobacter amalonaticus,100.00%
GCF_002939255,Citrobacter braakii,100.00%
GCF_002947035,Citrobacter koseri,100.00%
GCF_002947675,Citrobacter koseri,100.00%
GCF_003015305,Citrobacter freundii,100.00%
GCF_003019835,Citrobacter freundii,100.00%
GCF_003070705,Citrobacter freundii,100.00%
GCF_003114935,Citrobacter braakii,100.00%
GCF_003175795,Citrobacter freundii,100.00%
GCF_003184045,Citrobacter koseri,100.00%
GCF_003195445,Citrobacter freundii,100.00%
GCF_003204265,Citrobacter cronae,100.00%
GCF_003226155,Citrobacter koseri,100.00%
GCF_003255895,Citrobacter portucalensis,100.00%
GCF_003350185,Citrobacter koseri,100.00%
GCF_003362775,Citrobacter freundii,100.00%
GCF_003363295,Citrobacter freundii,100.00%
GCF_003400395,Citrobacter youngae,100.00%
GCF_003401455,Citrobacter freundii,100.00%
GCF_003429605,Citrobacter gillenii,100.00%
GCF_003471655,Citrobacter portucalensis,100.00%
GCF_003571565,Citrobacter freundii,100.00%
GCF_003665535,Citrobacter freundii,100.00%
GCF_003665555,Citrobacter cronae,100.00%
GCF_003665575,Citrobacter youngae,100.00%
GCF_003665595,Citrobacter freundii,100.00%
GCF_003665615,Citrobacter freundii,100.00%
GCF_003665635,Citrobacter freundii,100.00%
GCF_003665655,Citrobacter freundii,100.00%
GCF_003665675,Citrobacter freundii,100.00%
GCF_003687835,Citrobacter freundii,100.00%
GCF_003795375,Citrobacter europaeus,100.00%
GCF_003812325,Citrobacter freundii,100.00%
GCF_003812345,Citrobacter freundii,100.00%
GCF_003812405,Citrobacter koseri,100.00%
GCF_003818115,Citrobacter youngae,100.00%
GCF_003937345,Citrobacter portucalensis,100.00%
GCF_003938205,Citrobacter farmeri,100.00%
GCF_003938785,Citrobacter koseri,100.00%
GCF_003938795,Citrobacter amalonaticus,100.00%
GCF_003990165,Citrobacter portucalensis,100.00%
GCF_004004645,Citrobacter freundii,100.00%
GCF_004004705,Citrobacter freundii,100.00%
GCF_004004715,Citrobacter freundii,100.00%
GCF_004004805,Citrobacter freundii,100.00%
GCF_004004895,Citrobacter freundii,100.00%
GCF_004004965,Citrobacter freundii,100.00%
GCF_004005035,Citrobacter freundii,100.00%
GCF_004005085,Citrobacter freundii,100.00%
GCF_004005165,Citrobacter freundii,100.00%
GCF_004005235,Citrobacter freundii,100.00%
GCF_004005255,Citrobacter freundii,100.00%
GCF_004005575,Citrobacter freundii,100.00%
GCF_004005615,Citrobacter freundii,100.00%
GCF_004023995,Citrobacter freundii,100.00%
GCF_004024365,Citrobacter freundii,100.00%
GCF_004024405,Citrobacter portucalensis,100.00%
GCF_004103775,Citrobacter freundii,100.00%
GCF_004145665,Citrobacter freundii,100.00%
GCF_004146055,Citrobacter freundii,100.00%
GCF_004146135,Citrobacter cronae,100.00%
GCF_004152635,Citrobacter freundii,100.00%
GCF_004153245,Citrobacter freundii,100.00%
GCF_004167485,Citrobacter amalonaticus,100.00%
GCF_004181905,Citrobacter koseri,100.00%
GCF_004181935,Citrobacter freundii,100.00%
GCF_004181995,Citrobacter koseri,100.00%
GCF_004305705,Citrobacter freundii,100.00%
GCF_004322975,Citrobacter freundii,100.00%
GCF_004327735,Citrobacter freundii,100.00%
GCF_004327825,Citrobacter freundii,100.00%
GCF_004327835,Citrobacter freundii,100.00%
GCF_004331445,Citrobacter braakii,100.00%
GCF_004331535,Citrobacter braakii,100.00%
GCF_004331545,Citrobacter braakii,100.00%
GCF_004331565,Citrobacter freundii,100.00%
GCF_004331575,Citrobacter braakii,100.00%
GCF_004331585,Citrobacter braakii,100.00%
GCF_004331635,Citrobacter braakii,100.00%
GCF_004344985,Citrobacter freundii,100.00%
GCF_004353845,Citrobacter arsenatis,100.00%
GCF_004569315,Citrobacter koseri,100.00%
GCF_004684345,Citrobacter tructae,100.00%
GCF_004792475,Citrobacter gillenii,100.00%
GCF_004795555,Citrobacter freundii,100.00%
GCF_004801105,Citrobacter freundii,100.00%
GCF_004801115,Citrobacter freundii,100.00%
GCF_004801125,Citrobacter murliniae,100.00%
GCF_004801555,Citrobacter portucalensis,100.00%
GCF_005217825,Citrobacter freundii,100.00%
GCF_005280805,Citrobacter gillenii,100.00%
GCF_005280815,Citrobacter werkmanii,100.00%
GCF_005280825,Citrobacter gillenii,100.00%
GCF_005280845,Citrobacter werkmanii,100.00%
GCF_005280855,Citrobacter youngae,100.00%
GCF_005280875,Citrobacter youngae,100.00%
GCF_005280915,Citrobacter braakii,100.00%
GCF_005280935,Citrobacter portucalensis,100.00%
GCF_005280945,Citrobacter gillenii,100.00%
GCF_005280955,Citrobacter cronae,100.00%
GCF_005280975,Citrobacter youngae,100.00%
GCF_005281015,Citrobacter pasteurii,100.00%
GCF_005281025,Citrobacter werkmanii,100.00%
GCF_005281045,Citrobacter freundii,100.00%
GCF_005281055,Citrobacter gillenii,100.00%
GCF_005281115,Citrobacter werkmanii,100.00%
GCF_005281125,Citrobacter cronae,100.00%
GCF_005281155,Citrobacter braakii,100.00%
GCF_005281165,Citrobacter braakii,100.00%
GCF_005281175,Citrobacter youngae,100.00%
GCF_005281195,Citrobacter gillenii,100.00%
GCF_005281215,Citrobacter braakii,100.00%
GCF_005281245,Citrobacter braakii,100.00%
GCF_005281255,Citrobacter cronae,100.00%
GCF_005281265,Citrobacter braakii,100.00%
GCF_005281305,Citrobacter werkmanii,100.00%
GCF_005281325,Citrobacter braakii,100.00%
GCF_005281345,Citrobacter unknown,100.00%
GCF_005281355,Citrobacter werkmanii,100.00%
GCF_005406305,Citrobacter koseri,100.00%
GCF_005960425,Citrobacter freundii,100.00%
GCF_006385635,Citrobacter freundii,100.00%
GCF_006937845,Citrobacter freundii,100.00%
GCF_006965505,Citrobacter amalonaticus,100.00%
GCF_007004285,Citrobacter youngae,100.00%
GCF_008086465,Citrobacter portucalensis,100.00%
GCF_008180565,Citrobacter freundii,100.00%
GCF_008364635,Citrobacter braakii,100.00%
GCF_008364645,Citrobacter portucalensis,100.00%
GCF_008364705,Citrobacter braakii,100.00%
GCF_008364715,Citrobacter cronae,100.00%
GCF_008364725,Citrobacter portucalensis,100.00%
GCF_008364895,Citrobacter portucalensis,100.00%
GCF_008370125,Citrobacter portucalensis,100.00%
GCF_008370135,Citrobacter portucalensis,100.00%
GCF_008373795,Citrobacter pasteurii,100.00%
GCF_008502135,Citrobacter freundii,100.00%
GCF_008693605,Citrobacter portucalensis,100.00%
GCF_008693645,Citrobacter cronae,100.00%
GCF_008693945,Citrobacter koseri,100.00%
GCF_008802955,Citrobacter cronae,100.00%
GCF_008931485,Citrobacter freundii,100.00%
GCF_008931505,Citrobacter freundii,100.00%
GCF_008931625,Citrobacter freundii,100.00%
GCF_008931685,Citrobacter freundii,100.00%
GCF_009295665,Citrobacter telavivensis,100.00%
GCF_009363175,Citrobacter telavivensis,100.00%
GCF_009647535,Citrobacter braakii,100.00%
GCF_009648235,Citrobacter portucalensis,100.00%
GCF_009648935,Citrobacter braakii,100.00%
GCF_009649895,Citrobacter portucalensis,100.00%
GCF_009649935,Citrobacter portucalensis,100.00%
GCF_009660335,Citrobacter gillenii,100.00%
GCF_009664025,Citrobacter freundii,100.00%
GCF_009664045,Citrobacter freundii,100.00%
GCF_009664065,Citrobacter freundii,100.00%
GCF_009721345,Citrobacter braakii,100.00%
GCF_009721615,Citrobacter braakii,100.00%
GCF_009730355,Citrobacter portucalensis,100.00%
GCF_009821375,Citrobacter braakii,100.00%
GCF_009821535,Citrobacter cronae,100.00%
GCF_009821555,Citrobacter braakii,100.00%
GCF_009832525,Citrobacter koseri,100.00%
GCF_009856695,Citrobacter portucalensis,100.00%
GCF_009856875,Citrobacter cronae,100.00%
GCF_009857035,Citrobacter freundii,100.00%
GCF_009876695,Citrobacter amalonaticus,100.00%
GCF_009876705,Citrobacter amalonaticus,100.00%
GCF_009876715,Citrobacter amalonaticus,100.00%
GCF_009876755,Citrobacter amalonaticus,100.00%
GCF_009876765,Citrobacter amalonaticus,100.00%
GCF_009876795,Citrobacter amalonaticus,100.00%
GCF_009876815,Citrobacter amalonaticus,100.00%
GCF_009876825,Citrobacter amalonaticus,100.00%
GCF_009881155,Citrobacter amalonaticus,100.00%
GCF_009881175,Citrobacter amalonaticus,100.00%
GCF_009881185,Citrobacter amalonaticus,100.00%
GCF_009881195,Citrobacter amalonaticus,100.00%
GCF_009905315,Citrobacter freundii,100.00%
GCF_009907085,Citrobacter cronae,100.00%
GCF_009910785,Citrobacter portucalensis,100.00%
GCF_009939625,Citrobacter braakii,100.00%
GCF_010119415,Citrobacter youngae,100.00%
GCF_010231475,Citrobacter unknown,100.00%
GCF_010279875,Citrobacter freundii,100.00%
GCF_010319905,Citrobacter portucalensis,100.00%
GCF_010365585,Citrobacter freundii,100.00%
GCF_010588075,Citrobacter koseri,100.00%
GCF_010590395,Citrobacter freundii,100.00%
GCF_010590925,Citrobacter freundii,100.00%
GCF_010592375,Citrobacter freundii,100.00%
GCF_010597685,Citrobacter youngae,100.00%
GCF_011022025,Citrobacter freundii,100.00%
GCF_011030065,Citrobacter freundii,100.00%
GCF_011030295,Citrobacter freundii,100.00%
GCF_011030315,Citrobacter freundii,100.00%
GCF_011064845,Citrobacter freundii,100.00%
GCF_011077325,Citrobacter unknown,100.00%
GCF_011077955,Citrobacter unknown,100.00%
GCF_011392435,Citrobacter youngae,100.00%
GCF_011602505,Citrobacter amalonaticus,100.00%
GCF_011603985,Citrobacter portucalensis,100.00%
GCF_012102405,Citrobacter portucalensis,100.00%
GCF_012524235,Citrobacter braakii,100.00%
GCF_012843215,Citrobacter portucalensis,100.00%
GCF_012952645,Citrobacter braakii,100.00%
GCF_012952665,Citrobacter freundii,100.00%
GCF_012955545,Citrobacter freundii,100.00%
GCF_012955585,Citrobacter koseri,100.00%
GCF_013085885,Citrobacter freundii,100.00%
GCF_013168955,Citrobacter freundii,100.00%
GCF_013168975,Citrobacter freundii,100.00%
GCF_013169475,Citrobacter portucalensis,100.00%
GCF_013170035,Citrobacter freundii,100.00%
GCF_013170055,Citrobacter freundii,100.00%
GCF_013266895,Citrobacter braakii,100.00%
GCF_013267145,Citrobacter europaeus,100.00%
GCF_013303045,Citrobacter cronae,100.00%
GCF_013336845,Citrobacter youngae,100.00%
GCF_013336855,Citrobacter freundii,100.00%
GCF_013336865,Citrobacter freundii,100.00%
GCF_013336895,Citrobacter freundii,100.00%
GCF_013336915,Citrobacter farmeri,100.00%
GCF_013336945,Citrobacter freundii,100.00%
GCF_013336955,Citrobacter portucalensis,100.00%
GCF_013336965,Citrobacter cronae,100.00%
GCF_013336995,Citrobacter freundii,100.00%
GCF_013337015,Citrobacter freundii,100.00%
GCF_013337065,Citrobacter freundii,100.00%
GCF_013337685,Citrobacter gillenii,100.00%
GCF_013345705,Citrobacter portucalensis,100.00%
GCF_013360255,Citrobacter freundii,100.00%
GCF_013368465,Citrobacter freundii,100.00%
GCF_013371705,Citrobacter freundii,100.00%
GCF_013389635,Citrobacter freundii,100.00%
GCF_013390245,Citrobacter freundii,100.00%
GCF_013395115,Citrobacter freundii,100.00%
GCF_013425705,Citrobacter freundii,100.00%
GCF_013458095,Citrobacter braakii,100.00%
GCF_013589875,Citrobacter freundii,100.00%
GCF_013590555,Citrobacter freundii,100.00%
GCF_013604545,Citrobacter freundii,100.00%
GCF_013612875,Citrobacter gillenii,100.00%
GCF_013614655,Citrobacter europaeus,100.00%
GCF_013615435,Citrobacter braakii,100.00%
GCF_013618825,Citrobacter cronae,100.00%
GCF_013705425,Citrobacter gillenii,100.00%
GCF_013706575,Citrobacter gillenii,100.00%
GCF_013707835,Citrobacter freundii,100.00%
GCF_013724425,Citrobacter braakii,100.00%
GCF_013724765,Citrobacter portucalensis,100.00%
GCF_013724985,Citrobacter gillenii,100.00%
GCF_013725165,Citrobacter freundii,100.00%
GCF_013725595,Citrobacter freundii,100.00%
GCF_013726215,Citrobacter gillenii,100.00%
GCF_013726615,Citrobacter freundii,100.00%
GCF_013727235,Citrobacter braakii,100.00%
GCF_013727455,Citrobacter freundii,100.00%
GCF_013728095,Citrobacter braakii,100.00%
GCF_013728515,Citrobacter braakii,100.00%
GCF_013729795,Citrobacter braakii,100.00%
GCF_013729995,Citrobacter portucalensis,100.00%
GCF_013730455,Citrobacter portucalensis,100.00%
GCF_013731955,Citrobacter freundii,100.00%
GCF_013732395,Citrobacter braakii,100.00%
GCF_013733095,Citrobacter braakii,100.00%
GCF_013737455,Citrobacter braakii,100.00%
GCF_013738135,Citrobacter gillenii,100.00%
GCF_013738635,Citrobacter freundii,100.00%
GCF_013738915,Citrobacter braakii,100.00%
GCF_013739375,Citrobacter freundii,100.00%
GCF_013739755,Citrobacter braakii,100.00%
GCF_013740875,Citrobacter gillenii,100.00%
GCF_013741155,Citrobacter braakii,100.00%
GCF_013741395,Citrobacter freundii,100.00%
GCF_013743055,Citrobacter freundii,100.00%
GCF_013745755,Citrobacter gillenii,100.00%
GCF_013746155,Citrobacter braakii,100.00%
GCF_013746415,Citrobacter braakii,100.00%
GCF_013747275,Citrobacter braakii,100.00%
GCF_013747755,Citrobacter braakii,100.00%
GCF_013748235,Citrobacter freundii,100.00%
GCF_013748855,Citrobacter freundii,100.00%
GCF_013749535,Citrobacter freundii,100.00%
GCF_013751655,Citrobacter freundii,100.00%
GCF_013751895,Citrobacter freundii,100.00%
GCF_013781945,Citrobacter braakii,100.00%
GCF_013781965,Citrobacter freundii,100.00%
GCF_013781985,Citrobacter braakii,100.00%
GCF_013782845,Citrobacter freundii,100.00%
GCF_013783065,Citrobacter braakii,100.00%
GCF_013784065,Citrobacter braakii,100.00%
GCF_013784225,Citrobacter gillenii,100.00%
GCF_013784645,Citrobacter freundii,100.00%
GCF_013785085,Citrobacter gillenii,100.00%
GCF_013785525,Citrobacter gillenii,100.00%
GCF_013786025,Citrobacter gillenii,100.00%
GCF_013786145,Citrobacter freundii,100.00%
GCF_013786205,Citrobacter gillenii,100.00%
GCF_013786345,Citrobacter braakii,100.00%
GCF_013786565,Citrobacter freundii,100.00%
GCF_013790265,Citrobacter freundii,100.00%
GCF_013790835,Citrobacter braakii,100.00%
GCF_013791065,Citrobacter freundii,100.00%
GCF_013791465,Citrobacter braakii,100.00%
GCF_013791615,Citrobacter freundii,100.00%
GCF_013792125,Citrobacter gillenii,100.00%
GCF_013792365,Citrobacter freundii,100.00%
GCF_013794885,Citrobacter braakii,100.00%
GCF_013796805,Citrobacter braakii,100.00%
GCF_013797345,Citrobacter braakii,100.00%
GCF_013797615,Citrobacter braakii,100.00%
GCF_013798115,Citrobacter europaeus,100.00%
GCF_013798355,Citrobacter gillenii,100.00%
GCF_013801705,Citrobacter gillenii,100.00%
GCF_013814485,Citrobacter braakii,100.00%
GCF_013815045,Citrobacter gillenii,100.00%
GCF_013816335,Citrobacter portucalensis,100.00%
GCF_013816515,Citrobacter braakii,100.00%
GCF_013816655,Citrobacter portucalensis,100.00%
GCF_013816795,Citrobacter amalonaticus,100.00%
GCF_013821695,Citrobacter gillenii,100.00%
GCF_013826265,Citrobacter portucalensis,100.00%
GCF_013826505,Citrobacter portucalensis,100.00%
GCF_013828645,Citrobacter gillenii,100.00%
GCF_013836145,Citrobacter unknown,100.00%
GCF_013874155,Citrobacter freundii,100.00%
GCF_013882995,Citrobacter gillenii,100.00%
GCF_013883595,Citrobacter gillenii,100.00%
GCF_013889015,Citrobacter sedlakii,100.00%
GCF_013889875,Citrobacter sedlakii,100.00%
GCF_013890155,Citrobacter amalonaticus,100.00%
GCF_013890595,Citrobacter amalonaticus,100.00%
GCF_013899035,Citrobacter portucalensis,100.00%
GCF_013899325,Citrobacter portucalensis,100.00%
GCF_013899365,Citrobacter freundii,100.00%
GCF_013899385,Citrobacter portucalensis,100.00%
GCF_013899405,Citrobacter portucalensis,100.00%
GCF_013899425,Citrobacter portucalensis,100.00%
GCF_013925325,Citrobacter gillenii,100.00%
GCF_013925725,Citrobacter braakii,100.00%
GCF_014101295,Citrobacter gillenii,100.00%
GCF_014101305,Citrobacter gillenii,100.00%
GCF_014103235,Citrobacter braakii,100.00%
GCF_014103415,Citrobacter unknown,100.00%
GCF_014103475,Citrobacter braakii,100.00%
GCF_014103585,Citrobacter braakii,100.00%
GCF_014103655,Citrobacter pasteurii,100.00%
GCF_014103715,Citrobacter freundii,100.00%
GCF_014103735,Citrobacter portucalensis,100.00%
GCF_014103835,Citrobacter freundii,100.00%
GCF_014103885,Citrobacter freundii,100.00%
GCF_014104005,Citrobacter freundii,100.00%
GCF_014104015,Citrobacter gillenii,100.00%
GCF_014104105,Citrobacter gillenii,100.00%
GCF_014104155,Citrobacter braakii,100.00%
GCF_014104235,Citrobacter braakii,100.00%
GCF_014104295,Citrobacter youngae,100.00%
GCF_014104375,Citrobacter braakii,100.00%
GCF_014104775,Citrobacter gillenii,100.00%
GCF_014105665,Citrobacter freundii,100.00%
GCF_014169975,Citrobacter freundii,100.00%
GCF_014170055,Citrobacter freundii,100.00%
GCF_014189285,Citrobacter freundii,100.00%
GCF_014189355,Citrobacter freundii,100.00%
GCF_014189375,Citrobacter freundii,100.00%
GCF_014218795,Citrobacter freundii,100.00%
GCF_014230105,Citrobacter braakii,100.00%
GCF_014230155,Citrobacter braakii,100.00%
GCF_014230185,Citrobacter braakii,100.00%
GCF_014230205,Citrobacter cronae,100.00%
GCF_014332835,Citrobacter unknown,100.00%
GCF_014332855,Citrobacter unknown,100.00%
GCF_014332945,Citrobacter unknown,100.00%
GCF_014333035,Citrobacter amalonaticus,100.00%
GCF_014333315,Citrobacter koseri,100.00%
GCF_014337275,Citrobacter portucalensis,100.00%
GCF_014337295,Citrobacter portucalensis,100.00%
GCF_014337315,Citrobacter portucalensis,100.00%
GCF_014337335,Citrobacter portucalensis,100.00%
GCF_014596815,Citrobacter portucalensis,100.00%
GCF_014596835,Citrobacter pasteurii,100.00%
GCF_014596845,Citrobacter cronae,100.00%
GCF_014596855,Citrobacter pasteurii,100.00%
GCF_014596895,Citrobacter gillenii,100.00%
GCF_014679775,Citrobacter koseri,100.00%
GCF_014712635,Citrobacter braakii,100.00%
GCF_014725915,Citrobacter freundii,100.00%
GCF_014802805,Citrobacter freundii,100.00%
GCF_014802845,Citrobacter freundii,100.00%
GCF_014802855,Citrobacter freundii,100.00%
GCF_014802885,Citrobacter freundii,100.00%
GCF_014802905,Citrobacter freundii,100.00%
GCF_014802925,Citrobacter freundii,100.00%
GCF_014802945,Citrobacter freundii,100.00%
GCF_014802955,Citrobacter freundii,100.00%
GCF_014802965,Citrobacter freundii,100.00%
GCF_014802995,Citrobacter freundii,100.00%
GCF_014803025,Citrobacter freundii,100.00%
GCF_014803045,Citrobacter freundii,100.00%
GCF_014803055,Citrobacter freundii,100.00%
GCF_014803075,Citrobacter freundii,100.00%
GCF_014803105,Citrobacter freundii,100.00%
GCF_014803115,Citrobacter freundii,100.00%
GCF_014803145,Citrobacter freundii,100.00%
GCF_014803165,Citrobacter freundii,100.00%
GCF_014803175,Citrobacter freundii,100.00%
GCF_014803195,Citrobacter freundii,100.00%
GCF_014803225,Citrobacter freundii,100.00%
GCF_014803235,Citrobacter freundii,100.00%
GCF_014803265,Citrobacter freundii,100.00%
GCF_014803275,Citrobacter freundii,100.00%
GCF_014803285,Citrobacter freundii,100.00%
GCF_014803315,Citrobacter freundii,100.00%
GCF_014803335,Citrobacter freundii,100.00%
GCF_014855525,Citrobacter freundii,100.00%
GCF_014855535,Citrobacter freundii,100.00%
GCF_014855595,Citrobacter portucalensis,100.00%
GCF_014855625,Citrobacter amalonaticus,100.00%
GCF_014855635,Citrobacter freundii,100.00%
GCF_014855645,Citrobacter portucalensis,100.00%
GCF_014855715,Citrobacter freundii,100.00%
GCF_014855735,Citrobacter braakii,100.00%
GCF_014855915,Citrobacter koseri,100.00%
GCF_014855935,Citrobacter freundii,100.00%
GCF_014855945,Citrobacter portucalensis,100.00%
GCF_014855955,Citrobacter freundii,100.00%
GCF_014855985,Citrobacter portucalensis,100.00%
GCF_014856005,Citrobacter portucalensis,100.00%
GCF_014856035,Citrobacter portucalensis,100.00%
GCF_014856055,Citrobacter koseri,100.00%
GCF_014856075,Citrobacter portucalensis,100.00%
GCF_014856085,Citrobacter freundii,100.00%
GCF_014856095,Citrobacter portucalensis,100.00%
GCF_014859035,Citrobacter amalonaticus,100.00%
GCF_014901845,Citrobacter europaeus,100.00%
GCF_014901875,Citrobacter freundii,100.00%
GCF_014902035,Citrobacter freundii,100.00%
GCF_014902055,Citrobacter portucalensis,100.00%
GCF_014903115,Citrobacter freundii,100.00%
GCF_014903125,Citrobacter cronae,100.00%
GCF_014903475,Citrobacter freundii,100.00%
GCF_014903525,Citrobacter youngae,100.00%
GCF_014926275,Citrobacter freundii,100.00%
GCF_014931625,Citrobacter sedlakii,100.00%
GCF_015134935,Citrobacter portucalensis,100.00%
GCF_015135075,Citrobacter portucalensis,100.00%
GCF_015135215,Citrobacter portucalensis,100.00%
GCF_015137095,Citrobacter portucalensis,100.00%
GCF_015137255,Citrobacter portucalensis,100.00%
GCF_015138175,Citrobacter portucalensis,100.00%
GCF_015167655,Citrobacter unknown,100.00%
GCF_015208815,Citrobacter freundii,100.00%
GCF_015230675,Citrobacter freundii,100.00%
GCF_015230695,Citrobacter freundii,100.00%
GCF_015230755,Citrobacter freundii,100.00%
GCF_015230995,Citrobacter portucalensis,100.00%
GCF_015231155,Citrobacter freundii,100.00%
GCF_015234875,Citrobacter koseri,100.00%
GCF_015353115,Citrobacter amalonaticus,100.00%
GCF_015356435,Citrobacter freundii,100.00%
GCF_015356495,Citrobacter freundii,100.00%
GCF_015549445,Citrobacter farmeri,100.00%
GCF_015554155,Citrobacter farmeri,100.00%
GCF_015558715,Citrobacter farmeri,100.00%
GCF_015666935,Citrobacter freundii,100.00%
GCF_015667445,Citrobacter amalonaticus,100.00%
GCF_015668035,Citrobacter freundii,100.00%
GCF_015668205,Citrobacter portucalensis,100.00%
GCF_015668675,Citrobacter freundii,100.00%
GCF_015669215,Citrobacter farmeri,100.00%
GCF_015670485,Citrobacter koseri,100.00%
GCF_015672735,Citrobacter unknown,100.00%
GCF_015673475,Citrobacter freundii,100.00%
GCF_015674155,Citrobacter braakii,100.00%
GCF_015674675,Citrobacter freundii,100.00%
GCF_015674715,Citrobacter freundii,100.00%
GCF_015674725,Citrobacter freundii,100.00%
GCF_015730635,Citrobacter braakii,100.00%
GCF_015731115,Citrobacter freundii,100.00%
GCF_015910405,Citrobacter portucalensis,100.00%
GCF_015965415,Citrobacter rodentium,100.00%
GCF_015965555,Citrobacter rodentium,100.00%
GCF_016114665,Citrobacter koseri,100.00%
GCF_016128275,Citrobacter koseri,100.00%
GCF_016133805,Citrobacter portucalensis,100.00%
GCF_016406035,Citrobacter portucalensis,100.00%
GCF_016428845,Citrobacter braakii,100.00%
GCF_016461655,Citrobacter freundii,100.00%
GCF_016500385,Citrobacter koseri,100.00%
GCF_016500445,Citrobacter koseri,100.00%
GCF_016500465,Citrobacter freundii,100.00%
GCF_016500495,Citrobacter koseri,100.00%
GCF_016500505,Citrobacter freundii,100.00%
GCF_016500565,Citrobacter koseri,100.00%
GCF_016500575,Citrobacter freundii,100.00%
GCF_016500585,Citrobacter freundii,100.00%
GCF_016500615,Citrobacter cronae,100.00%
GCF_016500665,Citrobacter amalonaticus,100.00%
GCF_016500695,Citrobacter farmeri,100.00%
GCF_016500715,Citrobacter youngae,100.00%
GCF_016500725,Citrobacter freundii,100.00%
GCF_016500765,Citrobacter farmeri,100.00%
GCF_016500775,Citrobacter koseri,100.00%
GCF_016500795,Citrobacter koseri,100.00%
GCF_016500805,Citrobacter koseri,100.00%
GCF_016500825,Citrobacter koseri,100.00%
GCF_016500865,Citrobacter freundii,100.00%
GCF_016500875,Citrobacter koseri,100.00%
GCF_016500885,Citrobacter freundii,100.00%
GCF_016500895,Citrobacter freundii,100.00%
GCF_016500905,Citrobacter koseri,100.00%
GCF_016501025,Citrobacter koseri,100.00%
GCF_016501085,Citrobacter freundii,100.00%
GCF_016501105,Citrobacter koseri,100.00%
GCF_016501115,Citrobacter cronae,100.00%
GCF_016501265,Citrobacter koseri,100.00%
GCF_016501285,Citrobacter europaeus,100.00%
GCF_016501295,Citrobacter braakii,100.00%
GCF_016501315,Citrobacter koseri,100.00%
GCF_016501325,Citrobacter freundii,100.00%
GCF_016501405,Citrobacter braakii,100.00%
GCF_016501425,Citrobacter freundii,100.00%
GCF_016501445,Citrobacter koseri,100.00%
GCF_016501455,Citrobacter freundii,100.00%
GCF_016501465,Citrobacter koseri,100.00%
GCF_016501505,Citrobacter koseri,100.00%
GCF_016501525,Citrobacter europaeus,100.00%
GCF_016501545,Citrobacter youngae,100.00%
GCF_016501555,Citrobacter koseri,100.00%
GCF_016501565,Citrobacter pasteurii,100.00%
GCF_016501625,Citrobacter freundii,100.00%
GCF_016501665,Citrobacter koseri,100.00%
GCF_016501675,Citrobacter koseri,100.00%
GCF_016501745,Citrobacter koseri,100.00%
GCF_016501755,Citrobacter braakii,100.00%
GCF_016501785,Citrobacter europaeus,100.00%
GCF_016501815,Citrobacter cronae,100.00%
GCF_016501865,Citrobacter freundii,100.00%
GCF_016501885,Citrobacter europaeus,100.00%
GCF_016501905,Citrobacter europaeus,100.00%
GCF_016501915,Citrobacter freundii,100.00%
GCF_016501935,Citrobacter youngae,100.00%
GCF_016501955,Citrobacter koseri,100.00%
GCF_016501985,Citrobacter koseri,100.00%
GCF_016502005,Citrobacter koseri,100.00%
GCF_016502025,Citrobacter freundii,100.00%
GCF_016502045,Citrobacter freundii,100.00%
GCF_016502055,Citrobacter braakii,100.00%
GCF_016502085,Citrobacter braakii,100.00%
GCF_016502105,Citrobacter braakii,100.00%
GCF_016502115,Citrobacter freundii,100.00%
GCF_016502145,Citrobacter cronae,100.00%
GCF_016502155,Citrobacter cronae,100.00%
GCF_016502165,Citrobacter sedlakii,100.00%
GCF_016502205,Citrobacter cronae,100.00%
GCF_016502215,Citrobacter cronae,100.00%
GCF_016502245,Citrobacter cronae,100.00%
GCF_016502265,Citrobacter cronae,100.00%
GCF_016502285,Citrobacter youngae,100.00%
GCF_016502965,Citrobacter freundii,100.00%
GCF_016502995,Citrobacter koseri,100.00%
GCF_016503095,Citrobacter youngae,100.00%
GCF_016503115,Citrobacter braakii,100.00%
GCF_016503225,Citrobacter freundii,100.00%
GCF_016503245,Citrobacter freundii,100.00%
GCF_016503265,Citrobacter freundii,100.00%
GCF_016503295,Citrobacter koseri,100.00%
GCF_016503305,Citrobacter freundii,100.00%
GCF_016503385,Citrobacter koseri,100.00%
GCF_016503485,Citrobacter farmeri,100.00%
GCF_016503495,Citrobacter freundii,100.00%
GCF_016503505,Citrobacter freundii,100.00%
GCF_016503565,Citrobacter koseri,100.00%
GCF_016503575,Citrobacter freundii,100.00%
GCF_016503625,Citrobacter freundii,100.00%
GCF_016503635,Citrobacter braakii,100.00%
GCF_016503645,Citrobacter freundii,100.00%
GCF_016503685,Citrobacter amalonaticus,100.00%
GCF_016503695,Citrobacter freundii,100.00%
GCF_016503735,Citrobacter freundii,100.00%
GCF_016503745,Citrobacter koseri,100.00%
GCF_016503785,Citrobacter koseri,100.00%
GCF_016503805,Citrobacter freundii,100.00%
GCF_016503825,Citrobacter amalonaticus,100.00%
GCF_016503835,Citrobacter youngae,100.00%
GCF_016503845,Citrobacter freundii,100.00%
GCF_016503885,Citrobacter freundii,100.00%
GCF_016503905,Citrobacter freundii,100.00%
GCF_016503915,Citrobacter koseri,100.00%
GCF_016503935,Citrobacter freundii,100.00%
GCF_016503955,Citrobacter freundii,100.00%
GCF_016503985,Citrobacter freundii,100.00%
GCF_016504005,Citrobacter freundii,100.00%
GCF_016504015,Citrobacter youngae,100.00%
GCF_016504035,Citrobacter farmeri,100.00%
GCF_016504055,Citrobacter koseri,100.00%
GCF_016504085,Citrobacter koseri,100.00%
GCF_016504105,Citrobacter braakii,100.00%
GCF_016504115,Citrobacter freundii,100.00%
GCF_016504145,Citrobacter koseri,100.00%
GCF_016504155,Citrobacter koseri,100.00%
GCF_016504165,Citrobacter koseri,100.00%
GCF_016504225,Citrobacter farmeri,100.00%
GCF_016504345,Citrobacter koseri,100.00%
GCF_016504355,Citrobacter freundii,100.00%
GCF_016504365,Citrobacter koseri,100.00%
GCF_016504485,Citrobacter freundii,100.00%
GCF_016504495,Citrobacter freundii,100.00%
GCF_016504515,Citrobacter braakii,100.00%
GCF_016504545,Citrobacter freundii,100.00%
GCF_016504585,Citrobacter youngae,100.00%
GCF_016504605,Citrobacter braakii,100.00%
GCF_016504635,Citrobacter koseri,100.00%
GCF_016504665,Citrobacter koseri,100.00%
GCF_016504725,Citrobacter amalonaticus,100.00%
GCF_016504735,Citrobacter freundii,100.00%
GCF_016504745,Citrobacter koseri,100.00%
GCF_016504785,Citrobacter amalonaticus,100.00%
GCF_016504805,Citrobacter koseri,100.00%
GCF_016504815,Citrobacter europaeus,100.00%
GCF_016504825,Citrobacter koseri,100.00%
GCF_016504865,Citrobacter freundii,100.00%
GCF_016504885,Citrobacter braakii,100.00%
GCF_016504895,Citrobacter freundii,100.00%
GCF_016504905,Citrobacter koseri,100.00%
GCF_016504925,Citrobacter freundii,100.00%
GCF_016505025,Citrobacter freundii,100.00%
GCF_016505035,Citrobacter koseri,100.00%
GCF_016505055,Citrobacter unknown,100.00%
GCF_016505085,Citrobacter freundii,100.00%
GCF_016505095,Citrobacter freundii,100.00%
GCF_016505125,Citrobacter amalonaticus,100.00%
GCF_016505165,Citrobacter freundii,100.00%
GCF_016505185,Citrobacter koseri,100.00%
GCF_016505195,Citrobacter amalonaticus,100.00%
GCF_016505225,Citrobacter koseri,100.00%
GCF_016505245,Citrobacter freundii,100.00%
GCF_016505255,Citrobacter freundii,100.00%
GCF_016505285,Citrobacter freundii,100.00%
GCF_016505295,Citrobacter koseri,100.00%
GCF_016505325,Citrobacter freundii,100.00%
GCF_016505335,Citrobacter youngae,100.00%
GCF_016505385,Citrobacter freundii,100.00%
GCF_016505395,Citrobacter braakii,100.00%
GCF_016505445,Citrobacter braakii,100.00%
GCF_016505465,Citrobacter braakii,100.00%
GCF_016505485,Citrobacter freundii,100.00%
GCF_016505495,Citrobacter koseri,100.00%
GCF_016505505,Citrobacter murliniae,100.00%
GCF_016505545,Citrobacter youngae,100.00%
GCF_016505565,Citrobacter koseri,100.00%
GCF_016505585,Citrobacter freundii,100.00%
GCF_016505605,Citrobacter koseri,100.00%
GCF_016505625,Citrobacter braakii,100.00%
GCF_016505645,Citrobacter youngae,100.00%
GCF_016507545,Citrobacter koseri,100.00%
GCF_016507605,Citrobacter koseri,100.00%
GCF_016507625,Citrobacter murliniae,100.00%
GCF_016507635,Citrobacter freundii,100.00%
GCF_016507745,Citrobacter freundii,100.00%
GCF_016507845,Citrobacter amalonaticus,100.00%
GCF_016507855,Citrobacter sedlakii,100.00%
GCF_016507865,Citrobacter koseri,100.00%
GCF_016507955,Citrobacter braakii,100.00%
GCF_016508125,Citrobacter youngae,100.00%
GCF_016509215,Citrobacter cronae,100.00%
GCF_016679915,Citrobacter youngae,100.00%
GCF_016760555,Citrobacter koseri,100.00%
GCF_016811995,Citrobacter unknown,100.00%
GCF_016859065,Citrobacter freundii,100.00%
GCF_016859695,Citrobacter braakii,100.00%
GCF_016859715,Citrobacter braakii,100.00%
GCF_016859885,Citrobacter freundii,100.00%
GCF_016859905,Citrobacter freundii,100.00%
GCF_016892575,Citrobacter portucalensis,100.00%
GCF_016893685,Citrobacter cronae,100.00%
GCF_016893705,Citrobacter cronae,100.00%
GCF_016893745,Citrobacter cronae,100.00%
GCF_016893845,Citrobacter cronae,100.00%
GCF_016893885,Citrobacter cronae,100.00%
GCF_016893985,Citrobacter cronae,100.00%
GCF_016894025,Citrobacter cronae,100.00%
GCF_016894045,Citrobacter cronae,100.00%
GCF_016894065,Citrobacter cronae,100.00%
GCF_016894085,Citrobacter cronae,100.00%
GCF_016894105,Citrobacter cronae,100.00%
GCF_016894145,Citrobacter braakii,100.00%
GCF_016894305,Citrobacter portucalensis,100.00%
GCF_016905585,Citrobacter freundii,100.00%
GCF_016905625,Citrobacter freundii,100.00%
GCF_016905635,Citrobacter freundii,100.00%
GCF_016905675,Citrobacter freundii,100.00%
GCF_016905745,Citrobacter freundii,100.00%
GCF_016905765,Citrobacter freundii,100.00%
GCF_016905775,Citrobacter freundii,100.00%
GCF_016905875,Citrobacter freundii,100.00%
GCF_016906145,Citrobacter amalonaticus,100.00%
GCF_016906165,Citrobacter freundii,100.00%
GCF_016939595,Citrobacter freundii,100.00%
GCF_016939615,Citrobacter freundii,100.00%
GCF_016939655,Citrobacter freundii,100.00%
GCF_017086505,Citrobacter freundii,100.00%
GCF_017114565,Citrobacter freundii,100.00%
GCF_017151445,Citrobacter freundii,100.00%
GCF_017151475,Citrobacter braakii,100.00%
GCF_017151495,Citrobacter braakii,100.00%
GCF_017151515,Citrobacter braakii,100.00%
GCF_017151535,Citrobacter braakii,100.00%
GCF_017151545,Citrobacter braakii,100.00%
GCF_017151575,Citrobacter braakii,100.00%
GCF_017151595,Citrobacter portucalensis,100.00%
GCF_017154235,Citrobacter amalonaticus,100.00%
GCF_017164125,Citrobacter sedlakii,100.00%
GCF_017353275,Citrobacter freundii,100.00%
GCF_017963565,Citrobacter braakii,100.00%
GCF_018035235,Citrobacter unknown,100.00%
GCF_018066535,Citrobacter freundii,100.00%
GCF_018066565,Citrobacter freundii,100.00%
GCF_018066575,Citrobacter freundii,100.00%
GCF_018066625,Citrobacter freundii,100.00%
GCF_018067665,Citrobacter freundii,100.00%
GCF_018106145,Citrobacter cronae,100.00%
GCF_018106165,Citrobacter cronae,100.00%
GCF_018106185,Citrobacter cronae,100.00%
GCF_018106225,Citrobacter cronae,100.00%
GCF_018107715,Citrobacter freundii,100.00%
GCF_018107785,Citrobacter freundii,100.00%
GCF_018128425,Citrobacter sedlakii,100.00%
GCF_018138525,Citrobacter braakii,100.00%
GCF_018252635,Citrobacter amalonaticus,100.00%
GCF_018257795,Citrobacter unknown,100.00%
GCF_018279205,Citrobacter portucalensis,100.00%
GCF_018323885,Citrobacter amalonaticus,100.00%
GCF_018342065,Citrobacter unknown,100.00%
GCF_018420365,Citrobacter freundii,100.00%
GCF_018420455,Citrobacter freundii,100.00%
GCF_018420675,Citrobacter braakii,100.00%
GCF_018420725,Citrobacter freundii,100.00%
GCF_018421175,Citrobacter freundii,100.00%
GCF_018421475,Citrobacter freundii,100.00%
GCF_018421575,Citrobacter freundii,100.00%
GCF_018421715,Citrobacter freundii,100.00%
GCF_018421745,Citrobacter koseri,100.00%
GCF_018422455,Citrobacter koseri,100.00%
GCF_018422725,Citrobacter braakii,100.00%
GCF_018422965,Citrobacter freundii,100.00%
GCF_018422995,Citrobacter freundii,100.00%
GCF_018423015,Citrobacter freundii,100.00%
GCF_018423075,Citrobacter freundii,100.00%
GCF_018423095,Citrobacter freundii,100.00%
GCF_018423195,Citrobacter freundii,100.00%
GCF_018423215,Citrobacter portucalensis,100.00%
GCF_018438555,Citrobacter freundii,100.00%
GCF_018438605,Citrobacter freundii,100.00%
GCF_018438625,Citrobacter freundii,100.00%
GCF_018439045,Citrobacter freundii,100.00%
GCF_018439105,Citrobacter freundii,100.00%
GCF_018439185,Citrobacter freundii,100.00%
GCF_018439245,Citrobacter freundii,100.00%
GCF_018439745,Citrobacter freundii,100.00%
GCF_018439765,Citrobacter freundii,100.00%
GCF_018439905,Citrobacter freundii,100.00%
GCF_018440275,Citrobacter freundii,100.00%
GCF_018441215,Citrobacter freundii,100.00%
GCF_018441285,Citrobacter freundii,100.00%
GCF_018441435,Citrobacter freundii,100.00%
GCF_018441725,Citrobacter freundii,100.00%
GCF_018441745,Citrobacter freundii,100.00%
GCF_018441765,Citrobacter freundii,100.00%
GCF_018441785,Citrobacter freundii,100.00%
GCF_018441905,Citrobacter europaeus,100.00%
GCF_018442145,Citrobacter freundii,100.00%
GCF_018442185,Citrobacter freundii,100.00%
GCF_018442425,Citrobacter freundii,100.00%
GCF_018443005,Citrobacter freundii,100.00%
GCF_018443215,Citrobacter europaeus,100.00%
GCF_018443315,Citrobacter freundii,100.00%
GCF_018444505,Citrobacter freundii,100.00%
GCF_018444815,Citrobacter freundii,100.00%
GCF_018445725,Citrobacter freundii,100.00%
GCF_018445825,Citrobacter freundii,100.00%
GCF_018446035,Citrobacter portucalensis,100.00%
GCF_018446045,Citrobacter freundii,100.00%
GCF_018446095,Citrobacter portucalensis,100.00%
GCF_018446195,Citrobacter freundii,100.00%
GCF_018446835,Citrobacter freundii,100.00%
GCF_018446915,Citrobacter freundii,100.00%
GCF_018446995,Citrobacter portucalensis,100.00%
GCF_018447685,Citrobacter freundii,100.00%
GCF_018447695,Citrobacter freundii,100.00%
GCF_018449455,Citrobacter braakii,100.00%
GCF_018502305,Citrobacter koseri,100.00%
GCF_018883525,Citrobacter youngae,100.00%
GCF_018917665,Citrobacter cronae,100.00%
GCF_018919505,Citrobacter cronae,100.00%
GCF_018919545,Citrobacter braakii,100.00%
GCF_018919595,Citrobacter braakii,100.00%
GCF_019047765,Citrobacter pasteurii,100.00%
GCF_019048045,Citrobacter braakii,100.00%
GCF_019048065,Citrobacter farmeri,100.00%
GCF_019048805,Citrobacter braakii,100.00%
GCF_019265345,Citrobacter portucalensis,100.00%
GCF_019265365,Citrobacter portucalensis,100.00%
GCF_019270195,Citrobacter braakii,100.00%
GCF_019270215,Citrobacter braakii,100.00%
GCF_019270235,Citrobacter braakii,100.00%
GCF_019270255,Citrobacter braakii,100.00%
GCF_019270275,Citrobacter braakii,100.00%
GCF_019270295,Citrobacter braakii,100.00%
GCF_019270315,Citrobacter braakii,100.00%
GCF_019270335,Citrobacter braakii,100.00%
GCF_019270355,Citrobacter braakii,100.00%
GCF_019270375,Citrobacter braakii,100.00%
GCF_019270455,Citrobacter braakii,100.00%
GCF_019270575,Citrobacter braakii,100.00%
GCF_019281555,Citrobacter amalonaticus,100.00%
GCF_019382495,Citrobacter freundii,100.00%
GCF_019382615,Citrobacter portucalensis,100.00%
GCF_019382635,Citrobacter youngae,100.00%
GCF_019399955,Citrobacter unknown,100.00%
GCF_019443705,Citrobacter koseri,100.00%
GCF_019448455,Citrobacter portucalensis,100.00%
GCF_019448475,Citrobacter portucalensis,100.00%
GCF_019502645,Citrobacter braakii,100.00%
GCF_019584005,Citrobacter werkmanii,100.00%
GCF_019584545,Citrobacter portucalensis,100.00%
GCF_019584605,Citrobacter portucalensis,100.00%
GCF_019585185,Citrobacter freundii,100.00%
GCF_019645955,Citrobacter amalonaticus,100.00%
GCF_019655495,Citrobacter freundii,100.00%
GCF_019655555,Citrobacter freundii,100.00%
GCF_019655655,Citrobacter braakii,100.00%
GCF_019656355,Citrobacter europaeus,100.00%
GCF_019656375,Citrobacter europaeus,100.00%
GCF_019659885,Citrobacter braakii,100.00%
GCF_019659905,Citrobacter freundii,100.00%
GCF_019659965,Citrobacter portucalensis,100.00%
GCF_019660135,Citrobacter freundii,100.00%
GCF_019660345,Citrobacter freundii,100.00%
GCF_019660505,Citrobacter freundii,100.00%
GCF_019660585,Citrobacter freundii,100.00%
GCF_019660705,Citrobacter portucalensis,100.00%
GCF_019660715,Citrobacter portucalensis,100.00%
GCF_019660945,Citrobacter freundii,100.00%
GCF_019661085,Citrobacter portucalensis,100.00%
GCF_019731005,Citrobacter freundii,100.00%
GCF_019731375,Citrobacter cronae,100.00%
GCF_019731585,Citrobacter cronae,100.00%
GCF_019731875,Citrobacter freundii,100.00%
GCF_019764095,Citrobacter europaeus,100.00%
GCF_019800135,Citrobacter freundii,100.00%
GCF_019800295,Citrobacter amalonaticus,100.00%
GCF_019800325,Citrobacter braakii,100.00%
GCF_019802365,Citrobacter cronae,100.00%
GCF_019802385,Citrobacter cronae,100.00%
GCF_019803045,Citrobacter farmeri,100.00%
GCF_020034515,Citrobacter braakii,100.00%
GCF_020099335,Citrobacter amalonaticus,100.00%
GCF_020215765,Citrobacter portucalensis,100.00%
GCF_020215805,Citrobacter portucalensis,100.00%
GCF_020215855,Citrobacter portucalensis,100.00%
GCF_020271725,Citrobacter cronae,100.00%
GCF_020341495,Citrobacter werkmanii,100.00%
GCF_020559425,Citrobacter europaeus,100.00%
GCF_020559475,Citrobacter europaeus,100.00%
GCF_020593155,Citrobacter europaeus,100.00%
GCF_020639355,Citrobacter freundii,100.00%
GCF_020695525,Citrobacter freundii,100.00%
GCF_020710145,Citrobacter freundii,100.00%
GCF_020809005,Citrobacter freundii,100.00%
GCF_020889125,Citrobacter freundii,100.00%
GCF_020889185,Citrobacter amalonaticus,100.00%
GCF_020889405,Citrobacter farmeri,100.00%
GCF_021228875,Citrobacter portucalensis,100.00%
GCF_021278985,Citrobacter rodentium,100.00%
GCF_021373375,Citrobacter koseri,100.00%
GCF_021417185,Citrobacter portucalensis,100.00%
GCF_021417205,Citrobacter portucalensis,100.00%
GCF_021417225,Citrobacter freundii,100.00%
GCF_021417245,Citrobacter freundii,100.00%
GCF_021417265,Citrobacter freundii,100.00%
GCF_021440245,Citrobacter portucalensis,100.00%
GCF_021440705,Citrobacter freundii,100.00%
GCF_021440745,Citrobacter portucalensis,100.00%
GCF_021440885,Citrobacter portucalensis,100.00%
GCF_021441345,Citrobacter freundii,100.00%
GCF_021496985,Citrobacter portucalensis,100.00%
GCF_021503935,Citrobacter braakii,100.00%
GCF_021533375,Citrobacter koseri,100.00%
GCF_021729115,Citrobacter portucalensis,100.00%
GCF_900079785,Citrobacter amalonaticus,100.00%
GCF_900079795,Citrobacter amalonaticus,100.00%
GCF_900079995,Citrobacter europaeus,100.00%
GCF_900080005,Citrobacter europaeus,100.00%
GCF_900112055,Citrobacter amalonaticus,100.00%
GCF_900169625,Citrobacter braakii,100.00%
GCF_900169695,Citrobacter braakii,100.00%
GCF_900446835,Citrobacter youngae,100.00%
GCF_900446875,Citrobacter braakii,100.00%
GCF_900446885,Citrobacter freundii,100.00%
GCF_900446895,Citrobacter koseri,100.00%
GCF_900446905,Citrobacter youngae,100.00%
GCF_900446955,Citrobacter koseri,100.00%
GCF_900446975,Citrobacter koseri,100.00%
GCF_900449345,Citrobacter braakii,100.00%
GCF_900451665,Citrobacter koseri,100.00%
GCF_900460975,Citrobacter braakii,100.00%
GCF_900460985,Citrobacter koseri,100.00%
GCF_900461045,Citrobacter koseri,100.00%
GCF_900461055,Citrobacter koseri,100.00%
GCF_900461175,Citrobacter koseri,100.00%
GCF_900520335,Citrobacter freundii,100.00%
GCF_900520375,Citrobacter freundii,100.00%
GCF_900636015,Citrobacter portucalensis,100.00%
GCF_900638065,Citrobacter youngae,100.00%
GCF_901456225,Citrobacter freundii,100.00%
GCF_901456235,Citrobacter portucalensis,100.00%
GCF_901456255,Citrobacter freundii,100.00%
GCF_901456265,Citrobacter portucalensis,100.00%
GCF_901456285,Citrobacter freundii,100.00%
GCF_901456305,Citrobacter freundii,100.00%
GCF_902160715,Citrobacter freundii,100.00%
GCF_902160855,Citrobacter braakii,100.00%
GCF_902160915,Citrobacter braakii,100.00%
GCF_902160945,Citrobacter braakii,100.00%
GCF_902160995,Citrobacter braakii,100.00%
GCF_902165615,Citrobacter braakii,100.00%
GCF_902166445,Citrobacter freundii,100.00%
GCF_902363265,Citrobacter freundii,100.00%
GCF_902373845,Citrobacter unknown,100.00%
GCF_902377535,Citrobacter sedlakii,100.00%
GCF_902381795,Citrobacter portucalensis,100.00%
GCF_902387635,Citrobacter europaeus,100.00%
GCF_902387665,Citrobacter koseri,100.00%
GCF_902387995,Citrobacter farmeri,100.00%
GCF_902388105,Citrobacter gillenii,100.00%
GCF_902498925,Citrobacter amalonaticus,100.00%
GCF_902506645,Citrobacter amalonaticus,100.00%
GCF_902506695,Citrobacter amalonaticus,100.00%
GCF_902506715,Citrobacter amalonaticus,100.00%
GCF_902506735,Citrobacter amalonaticus,100.00%
GCF_902706235,Citrobacter unknown,100.00%
GCF_902807175,Citrobacter freundii,100.00%
GCF_902807235,Citrobacter portucalensis,100.00%
GCF_902807305,Citrobacter portucalensis,100.00%
GCF_904425445,Citrobacter freundii,100.00%
GCF_904859905,Citrobacter freundii,100.00%
GCF_905218895,Citrobacter freundii,100.00%
GCF_905219065,Citrobacter freundii,100.00%
GCF_905232395,Citrobacter freundii,100.00%
GCF_905232515,Citrobacter freundii,100.00%
GCF_905232555,Citrobacter freundii,100.00%
GCF_905232605,Citrobacter freundii,100.00%
GCF_905232695,Citrobacter freundii,100.00%
GCF_905329885,Citrobacter freundii,100.00%
GCF_905330765,Citrobacter freundii,100.00%
GCF_905335675,Citrobacter freundii,100.00%
GCF_905335685,Citrobacter freundii,100.00%
GCF_905337805,Citrobacter koseri,100.00%
GCF_905337845,Citrobacter koseri,100.00%
GCF_905338045,Citrobacter freundii,100.00%
GCF_910573735,Citrobacter rodentium,100.00%
GCF_916618775,Citrobacter murliniae,100.00%
SD_2_G2,Citrobacter amalonaticus,99.25%
SD_5_A12,Citrobacter braakii,99.10%
SD_5_D4,Citrobacter freundii,99.61%
SD_9_A7,Citrobacter youngae,98.91%
SD_9_B7,Citrobacter braakii,99.60%
SD_9_C7,Citrobacter freundii,99.78%
SD_9_H6,Citrobacter youngae,98.91%
SG18_100_2_S18,Citrobacter youngae,99.77%
SG18_109_2_S19,Citrobacter youngae,99.77%
SG18_138_1_S32,Citrobacter youngae,99.67%
SG18_138_2_S33,Citrobacter youngae,99.67%
SG18_223_S110,Citrobacter youngae,99.77%
SG18_227_S53,Citrobacter youngae,99.59%
SG18_229_S54,Citrobacter pasteurii,99.26%
SG18_265_S115,Citrobacter gillenii,99.49%
SG18_42_S4,Citrobacter youngae,98.96%
SG18_8_S1,Citrobacter gillenii,99.54%